id,Observed,Simple RandomForest,First Tuned RandomForest,Second Tuned RandomForest,Log RandomForest,Outliers RandomForest
2568,98600,112961.09719699608,117690.40716558768,118154.5917857592,118495.12615325868,118033.17355239906
551,162000,158251.76984900475,160295.0794793517,160805.84113552695,160777.992366697,160950.39650125272
2203,141500,141341.59921512677,138538.2828667871,137787.49799948407,139154.58103227385,138819.0797753797
2447,405000,389965.3147046736,370204.0456818172,369792.1276325781,370826.4920738295,373384.6539265464
1649,192000,199464.1531514445,198398.9785870714,198184.4220236839,198312.02371216036,198465.3291670405
465,184000,169866.14016891317,170936.34863213493,171118.3885444328,170827.9590491924,170763.13026616038
789,127500,149439.09629065733,150042.5320967993,149896.0058370621,150543.66486603342,150566.11068038826
254,320000,282087.30390161264,281001.4982165004,283164.6866796704,282797.2970692894,291727.62257070886
885,108000,101220.27776852308,101672.27694831372,101692.5966969367,102650.57616228306,101905.77538893888
484,236000,239406.0261682133,238097.7855292025,237507.0602427864,237449.4794223501,237839.7946956629
1677,113000,119488.56624941903,117032.49710857413,117372.35010010775,116849.74771757124,117086.96709680276
762,88750,80472.13173004481,83711.55525304448,83243.63556039376,83434.64671261897,83188.05047975722
2721,155000,182614.97699084043,175461.34958052338,177852.8187647383,177371.04137519325,179507.05284936543
2379,315000,407411.4232558095,387973.702105954,388668.7781811704,388464.1959205349,379338.0908915764
1422,225000,227413.21245404423,230367.44837396764,230676.8028966813,231001.6198287924,230892.66163284483
715,110000,117786.43811381744,118215.01894970634,118103.12863178266,118388.07913192296,117740.04977802128
679,90000,89462.98184079374,91125.4997351921,91112.1896526184,91150.70784751764,91504.64007170335
84,112000,127390.13547939624,125587.45206905958,125480.13584609912,125175.7602984439,125739.55366524094
1336,119000,108072.22508477494,111456.95252123674,110721.01526775806,110632.4712769898,110665.37288626804
747,126500,117752.7431199705,117318.36295776589,117172.90514101856,116791.5746125026,116497.7666279837
1533,188700,167222.48363320326,169246.15277115797,167426.106614877,168307.92741493028,168269.1699251661
545,257000,279878.43822982063,286599.95637633366,287427.6811193382,287477.33354596345,286449.001721894
176,80000,78363.43779047365,85375.36355835578,85094.41701957649,84897.87634233102,85845.90943115497
514,468000,459719.6922788945,449892.1529732217,452221.6251320784,452892.59656340897,449030.5472773899
2140,120000,126200.15100468864,125805.87227253636,125412.93072080082,125510.45404892256,125310.43063044634
656,135000,134320.7984284567,132129.43012959653,133261.58272385772,132848.51476059016,132166.08325586197
1258,86900,110928.86475875358,92450.94392081827,91594.44222055736,92036.4175939664,92628.49265098234
1947,109000,111360.99844609064,106646.63715717444,106967.24702359537,106453.62591061051,106855.04130858084
2334,361919,323577.2303623315,331596.12410343136,331224.9799309667,330657.4051799319,331171.4916207536
229,328000,273527.6471028465,254224.4568422228,254191.88472476133,256085.9365360466,255715.6338860035
1819,120750,124543.24959182652,124313.45416716691,124201.57286238218,124200.05355244894,124717.97228342175
369,260000,243355.7662914385,247757.4706238577,248346.61718704167,248279.40289521613,247050.09414608523
945,230000,291581.443844216,299115.4116226157,300695.4482421904,298114.6121523255,298353.6058995338
326,166500,173820.0863965502,176986.51636600343,175727.82804918825,175439.59454670473,175090.0005461782
2478,187000,195434.6521166534,192628.39943827808,191314.8279335653,191153.0498009396,191685.969063204
648,113000,121406.282261353,120421.66973703336,119998.507878759,120634.89623690891,119940.72512169984
1065,412500,398048.189931912,386622.0552195692,385876.1062263295,385303.67904355767,395209.98856057966
1854,279700,250162.50244886783,250952.63709855813,251939.7572399681,251647.96136874857,250857.68556513623
693,110000,121910.9878453104,117011.31357146724,116556.46655854132,116631.37583243348,117250.06686495912
2676,114500,124778.2647266896,126513.00073899228,126578.6161624241,127156.99095275416,126754.2277750819
2002,159500,148138.82698991185,143819.56008087756,142311.83218505763,141443.0795326138,142076.40840007953
2219,315000,247367.2887636788,242669.3527586906,241951.24794830527,243561.08667391812,245471.11066321647
2357,162900,179905.02763653098,181566.9028401473,182075.12170311948,182515.88512590004,181944.1905794129
154,105000,90432.96285240048,94437.5698156452,94516.3272933651,94173.97812585658,94101.68575560974
2204,189950,149815.19454245592,151465.07806338544,151642.14227414646,151757.50375255884,152065.39117092628
458,382500,394063.3585544831,403202.56810604985,404264.1504854576,402589.02096766606,404579.460323666
2551,151500,144903.9368833838,145060.9542727649,144987.75305703358,144996.2987314744,145361.4410985815
2214,239000,226578.93087053677,218650.8692876952,220093.47676558403,220112.7252053027,218968.2811146827
2258,170000,164448.3559441917,162981.76801556867,165184.16868694645,165594.29719954685,164522.96956571194
2780,192500,205442.79319219632,206675.5714596817,206536.85635102144,206454.7399337965,206518.52158063764
844,204000,211572.91085872785,215185.93884145803,215345.35710226052,215187.5145656348,215079.76106271677
2589,125000,137913.6903434672,137670.4382912718,138617.82070336997,138076.3255292741,137796.0581447565
1430,195000,177067.4170456963,182047.080131061,183152.5044124344,182540.1893586936,182507.8399450722
511,275500,282549.517610742,284048.5388451245,280643.409872012,281438.5228711361,283069.8936082625
769,175000,169109.4923532375,166496.3299500824,166353.94786613114,166368.43269874106,166848.22445907487
1245,133000,135630.7696745034,134405.9996528158,134585.8392884356,134497.514216496,134231.4311182354
2894,250764,210214.89377107564,208864.5046755944,208913.73296894756,209500.76248130004,208755.62961312267
1489,147500,165485.72901863317,159661.56404967193,159276.78876499023,158887.16192579942,159027.29746214554
788,122000,109957.32062342355,105046.30634903775,105209.37966917918,104957.70948628472,103524.25843606416
1629,163900,171550.69644469803,169929.74391158365,169306.8974197397,169937.34078309513,169810.79594204345
2419,185101,172149.9185615784,173527.3125591792,173721.55994108293,173652.85520165952,173477.64356502728
1395,108000,95684.89119901229,94554.47592967124,93755.45144346074,93703.1210663702,93731.45515657745
1669,123000,102041.58444869272,107791.37209590508,107221.54544721222,107433.43265332557,107891.6658682416
980,88000,88915.47650325736,91673.24357804266,91166.36647094975,91223.15068237264,91821.54251953845
1605,130500,137661.92960674968,135153.11951677533,134147.02714048015,134081.44875591088,134316.76664277416
22,170000,165978.34163630565,166635.91595878216,165522.04766272506,165808.0983676928,165789.78413941784
110,230000,226858.6758189434,227614.76449701044,228403.3467155952,228212.4201744851,227920.48381982517
310,254900,251473.54300983672,246204.2207936116,244728.16934320773,244400.998991496,245653.1234456157
365,180500,174502.63813054416,173751.4908905837,173626.9495894899,174617.35350972795,173106.65993053486
441,300000,292227.6799870431,284307.7598659685,283243.361977258,282960.782093757,283770.75869869423
272,213000,206523.58224486493,211360.3120974716,211148.14696795677,211638.9911449343,211472.03648297928
1526,177000,153915.72399311958,146874.04172768662,146826.67634693935,146190.93342909735,146536.65059079917
1058,383000,397446.2761280013,400091.3722365039,399980.17021433066,399499.8901529359,399121.2026517613
974,91000,97068.31095512515,98265.76690095985,98263.3572511026,98500.84188778956,98587.60136422758
1374,135000,125973.12675280482,129352.68849400082,129236.04677714394,128873.45067625392,129242.1120689563
2493,133500,136913.1756060403,134982.6002742101,134859.07026199318,134602.77848481957,134745.02326539066
2047,126000,129683.48314541226,124661.7756576533,125073.3601693498,125590.22564388736,125586.84753552209
995,195500,189450.36670111952,187219.24555262912,187484.30271195693,187180.50511824244,187246.77025200875
2878,139000,143896.08280733254,142217.7999978373,143144.628131183,143443.24371964284,142811.6450285976
159,144000,144871.85642968558,144310.62388032267,143557.04182492968,144279.53298880433,144112.88924983266
2029,113000,99159.99799270512,97702.36505461994,97949.49528934412,97220.95235945052,97668.97589055594
2913,146500,148006.09704003908,147772.03926130538,148133.37799337797,147771.5195703872,147821.23512519963
2065,187000,156953.12853884313,154488.7707999117,154375.4445400747,153757.81837644326,154139.8894042011
469,174000,197095.2455067847,201316.71469694388,201644.08613073317,201339.5474111925,201724.42421560216
2742,136900,136645.2376124619,136977.76976435067,137259.15962199928,137004.8340649407,136461.756101915
70,262500,238935.57449771717,236822.66959249967,236187.54572957364,236747.1763331824,236921.48618152825
655,99900,74167.9718954617,83180.25309404136,84241.94421487175,83563.32810678569,80084.33278006257
2426,167240,176588.5590335136,179021.17994095045,178656.54379909008,178451.93751350435,178271.79852679238
674,157500,181455.955785938,176998.51909095,175926.4101488446,176101.1313455312,176177.38173960018
1707,372000,332332.0323444378,345094.28253390733,341131.15833651816,342390.8187343749,350678.5965624554
748,214500,155209.65802519003,156698.44276429916,156658.53693113057,155625.97506970327,157190.11999581105
2017,132500,132981.3707406267,133136.8854646331,132164.4619161811,132562.3496940997,132025.79361551927
2144,117000,93805.5963387298,100068.77018100304,100121.0574590809,100601.12949404528,100700.77780566644
1295,122250,136648.19778372924,133291.12072571227,134505.08123759506,134822.2536431749,133876.95212507638
428,398800,367666.1537043619,349812.41569340794,348366.0984429575,347674.662386611,347691.2258412555
2582,135960,140167.12461930572,145352.66703230626,144883.88515525265,144927.20962058497,144943.9827404062
1034,133000,145305.58754018054,146848.63554460584,146821.55906208727,146318.7566836882,146925.67752572495
230,270000,231746.78831931064,222984.5546067265,221290.74300369405,222581.4656714878,222095.5654111568
1936,127000,131211.15438877733,129880.85593649128,130104.13436136744,129983.6275986702,129815.98908900318
569,222000,232182.6729357387,237554.27452522,235380.5694541391,235231.85588940556,236811.21941328992
1274,138000,139360.34713584956,136039.70957214976,136131.03633561474,136158.9288681723,135920.1731074372
2157,131500,145601.6215918077,143453.64214716546,143475.0566419501,143401.42879105415,143529.99221231983
713,113000,101761.3374349649,101381.11281470458,101677.37726351914,100893.3639920585,101544.88901223922
126,84900,151271.64308355429,149566.65293894627,148404.39703426932,146608.4151059788,149400.14527933073
1016,133000,177365.52270045129,176967.33964376914,176451.60437358863,175727.03338286234,177061.87792142
539,184900,171120.9314500412,173606.76585766353,173817.22413882372,173557.90234946724,173772.49096050128
1246,116000,118687.11033927332,117832.5345300583,118572.2000608681,118401.38408049848,118333.48021174395
1687,318000,280912.17293774313,286129.2736523718,283241.3336134172,284741.3695355913,282162.4248171516
1615,268000,296033.6627893014,283979.30357013165,281917.0474982441,282013.15308708855,282282.9005019826
607,153000,171908.2289232633,171490.87324168882,170760.76478883208,170208.30539535388,171434.78392920655
37,376162,348192.9170523421,332997.37502518145,335228.1988086511,336456.6588506638,339515.6242926262
2411,169990,174178.9755236133,177822.08825986134,178613.625376147,178621.9692622103,178442.95403896528
2368,116000,101329.77791557556,101367.81683618989,101512.28892617904,101543.2593298098,101041.44502334153
2300,129500,101117.78461276129,106938.41462441694,106688.73933348984,105674.40452250662,107083.44266892398
1814,215000,245190.17599653653,237179.47451822733,237699.37927155904,236970.10890216831,236244.48685874336
227,163000,156914.65960689622,154436.47241452587,154372.38111167538,153894.22434277987,154778.8319390174
194,87000,79867.62352200542,87341.30740662807,86724.99692629433,86933.51004424941,87791.60867318403
2082,80000,92051.25158097304,93710.05347973444,94831.0408913424,94386.22897531964,93699.61808456806
358,185000,172234.9579313116,174861.86417222442,174630.9745128272,174303.92321218533,174336.38500775027
584,206000,208777.08274953035,203412.37280975105,202891.0492298729,203582.2451934596,203261.453795373
2289,75000,85700.03732472006,86924.73286918025,86956.60826814164,86881.35301382776,86848.32040875156
2243,119600,130069.15936881112,126626.02341965072,125461.58620421364,125581.9438627168,124106.31226575644
2397,281000,283713.3137452158,280392.9630890293,281105.56784865656,280187.60741399386,282898.4024479685
2870,257000,213307.20514429305,207792.28635811957,205645.9398540572,207466.0410955149,207542.5801707697
1306,65000,75667.39981012927,84051.34622484988,83069.74455776109,83181.79363126839,83180.96042047838
1208,155000,151233.74298268592,149584.90259956993,149627.40093260113,150019.3702227334,149987.51339992468
1808,147000,148370.5207790979,146154.2258706393,145339.15557028432,145259.762761328,146297.08062048454
2205,135000,142148.10267303127,141733.71480327685,141041.3201011343,141596.79911510792,141452.72614456242
1033,306000,316375.9380955016,308722.97956800746,306769.784003316,307003.57154781907,308444.61467716313
2000,152000,132520.58367683872,137336.09353167473,138163.77289724685,138061.2262629953,137942.02792708785
1826,128500,136654.37864952814,131380.80949985937,131013.250874903,130988.02004726104,130870.89294815714
1887,106500,102678.18761309992,101398.24926234866,101818.6818259032,101462.2522606258,101626.47780670565
1618,177000,179949.10175560316,179700.2421212579,179918.63673849413,179594.10166594846,179676.84952338604
1602,113000,114405.11849008102,113017.76552305635,113683.12447590489,113306.64966471684,113093.368182107
1792,250000,237566.99005854948,231693.7715612748,232026.07203291156,232774.15872780548,233295.2770501157
1893,158000,160778.842709576,163629.61892331197,163815.7979727125,162941.7995406057,163225.17627424287
2480,248500,191723.388836012,195901.55353896815,195138.79412524603,195723.98192673892,195353.24629191024
2883,78000,67552.32509178403,69221.71592698953,68932.15250770838,68990.44932726538,66920.31937486888
500,265000,288886.35834181093,279476.2224230454,279453.59565489163,279744.09074432007,280375.2849316845
645,126000,134513.89576022088,126207.33555551824,126516.12833717496,125501.28547925298,126313.23933583172
1229,201800,189417.62822683676,191324.152512043,192503.5205499504,192399.29316017483,192493.41644847265
1464,224900,212838.21194442484,210819.17321730976,211093.56740838784,210934.21925524043,211329.3174922314
2918,87550,83623.00202903712,85885.88652578727,85667.23577612186,85593.52858411647,85432.59775732351
2555,121600,113011.65062017718,113484.2327586624,113490.1749722233,112559.5135340409,114049.06179914404
2485,119900,128628.29153915276,127893.3822204186,128151.2139386144,127933.73489215544,127783.37230802995
114,212500,201242.8158491313,199099.86976302412,198560.42890225683,198759.19939769217,198681.2875250272
773,130000,121552.81153256648,124442.31758294263,124486.36489566445,124401.17194138838,124418.27281777146
2421,234000,197845.8628513431,197118.0994060532,197108.9552200397,196869.9061653517,197327.55658407236
1203,178400,149301.122047687,149979.4064222084,149858.2716193815,150104.43024227372,149903.0136014723
936,124000,132449.2334363848,131515.96742209364,131391.5235113807,131607.35929905574,131167.9006047464
1712,281500,288538.2445605235,285675.7139278246,286476.81404537085,286359.319260978,287447.8536700469
172,109500,110579.91917514072,107729.3423782687,107351.5688452511,107042.775840783,107473.34483163273
516,210000,186495.3285228808,185222.85350611343,185441.60468455852,185484.97894830917,185387.9720762678
479,184100,179547.9103060663,179824.30416512853,180209.59167878493,180223.61689040333,180094.78962711504
2889,135000,148022.89468662863,146340.2875767623,146433.76220526345,146268.58909293148,146186.3986369238
2899,202000,207658.2546650945,199871.32690763,199882.0204272854,199724.06801732155,199373.51699252188
2542,136500,133965.18102875026,132905.47649588372,132683.61525037207,132992.78611317094,132982.4248694962
1109,271000,260110.4611378888,256273.43830235905,256861.2251629937,256504.89001440257,255314.88691678023
368,372500,332026.05732021574,327844.7080222931,326570.1004261531,327107.80936455727,324248.6208993085
108,206000,187894.34211648963,183916.9465959173,183792.22363536508,184850.30931478587,183921.2809342987
1320,116900,115750.99457178784,112420.32400438355,112063.82244911457,112338.41341982494,112221.01525370356
433,610000,531539.8024959847,515640.8341970564,516122.44516872696,515138.0165502111,507963.3076832161
1802,227875,221426.24464355689,211480.48438869425,210775.8117315594,211010.8435272325,211059.76263636345
2130,217000,202650.9198852969,206302.40685336996,206481.4102428533,206342.51845839576,206321.8360946237
2558,127000,108844.42062491662,110696.99304582992,110285.76149057802,110605.9204733794,110376.67756185864
2730,142500,144585.28309097546,143860.78562965136,144085.3052349491,144347.49062476226,144219.49469392272
394,148500,140154.99417489723,137855.25050065317,137344.3824695646,137343.18169927574,136893.27499172318
1041,100000,102714.10491641656,102908.03643911434,103172.88274277818,103338.97774882863,103455.06497943554
2572,135000,122280.95273269762,126138.4654334762,126417.1273885111,125721.53323875176,126033.5277207582
2245,124900,116339.4770676806,113813.84959734874,113923.0104667108,114299.96003619971,113212.3573717462
2408,332200,321616.3394546566,317895.7339009552,316507.6341095716,317180.56578740693,317858.03855327
727,34900,75914.40367340013,77365.43521902594,77030.7729541301,77530.01672928316,75377.03867588022
2084,86000,79281.67187361179,78620.98419059282,78525.23225243497,78636.43289903323,79861.99618093288
1437,207500,186713.4618272168,190058.2811832701,190209.08468505036,190310.857738711,190204.87526175703
2545,185900,159812.30032793258,169235.51569759657,169310.23035864756,168624.5004903429,168916.69458776288
1614,244000,232622.5423811663,237293.8517800603,239162.21709027444,237278.83512876733,239471.779974953
1129,256000,251473.33562110763,251620.7516595787,251322.51994574975,251738.06994322385,251668.51465563045
1247,137500,139104.7569931682,140921.47262958882,140927.02097962776,141225.81454998508,140647.48122660807
192,128500,132245.01217211602,135137.65724841226,135064.3000828531,134973.08560447974,135081.16089752186
1982,135000,127041.20632053268,128426.42210821438,128260.7356627975,128789.36822653412,129467.41970606949
2174,118500,114835.43004901712,117818.80110731184,117514.09044233136,117781.32344822596,118051.2071712068
1173,160000,163303.2249542742,158385.7478532831,157866.8834811523,157893.8565607409,158179.5685148825
1199,170000,162491.87907928153,162889.57758892156,163327.89212809195,163045.83230319657,162918.26913952557
1049,148500,134527.63262762042,136191.7489824846,136187.5986135887,136307.7997636006,136375.96627361773
2462,405749,446496.8853885916,412177.32323918055,413966.6088914954,413878.65955967305,413683.59624976246
829,221800,226549.7780949145,215228.07542697064,214055.45936424736,214649.65812531344,216142.83858729995
2054,123000,134593.45439544402,131788.81470528265,131412.00848547177,131227.70574176213,131473.6671240194
1419,262280,234821.104871178,245018.8327958252,245792.6468158316,244890.97891349945,244840.0778647032
1410,235000,194621.00442581796,199893.81318414517,200064.2213755425,200198.4410923356,200811.8030079796
1218,141000,138100.0685641522,139386.1632895711,139834.0639378466,140166.27901413228,139746.49724557984
1527,147500,130402.38575949584,128330.870420156,127863.31067911204,127576.63272740575,127296.71686339784
808,118964,117540.29409098584,116177.94786342209,116032.50637242068,116552.59690220362,115765.1715220936
1541,236500,215779.37892197724,211564.7960401146,213729.55753285976,212535.79804792552,215716.6484018927
969,425000,412364.0166348176,398559.175432078,398273.8481304778,398801.6796989014,397847.2490226944
143,145000,140972.62322052076,142851.62036348108,143013.47716846273,143153.2049345477,142997.64441739896
524,310000,327621.5037576345,305741.0902604502,305517.7678466697,305410.72571588634,307933.62620383245
780,165000,180856.85334864896,173111.4738594876,171963.51734404938,171145.03777652016,173672.28744643697
19,141000,98291.70073870354,102141.4545434266,101368.79261964968,101202.4637040685,101480.75442061084
366,187500,197954.8255537926,191529.69048698063,190912.52717289215,191206.2060077125,191728.57343942844
2467,197000,186846.11721662787,185873.06645782373,186424.94912427856,186067.9578905301,186111.5111762944
2031,169500,149197.42545351954,147962.09204227693,147605.3166924552,145619.77965111507,145931.70870094458
1891,163500,154607.06302517423,156517.11376027772,155841.27466189236,156419.55647171257,156315.2448351804
434,582933,401438.1846498211,400974.4475645531,400619.1968533063,400125.40618735953,413877.6142374712
772,113500,135879.76753078276,138511.43135609457,138248.84411333394,138234.47750236138,137916.89798229665
1504,82500,85236.41822481989,83321.04084696292,84064.64906868151,83825.2065962004,84338.38041759594
1486,85000,98221.7400737066,95581.21649690755,95738.53697346697,95773.27935201704,95507.62076065494
2832,137500,134280.55014736552,134227.97880229627,135437.90633220717,134471.07656530096,134493.33075724935
1235,135000,137699.9122072097,137679.44132178955,138164.79564574288,138104.05764531912,138197.53761395335
138,190000,245243.0670909958,238334.94062181297,236144.46279923568,237957.012641759,236998.81704345037
1438,193000,209970.74709435596,212072.3326828417,211162.0707992656,211100.43244786595,211570.19557533285
240,128000,133270.62928687414,137526.87679029067,137489.85875930623,137456.89573008163,137012.4606428312
449,445000,516668.177000911,486717.0130889792,485253.2647959731,483539.4771872638,488870.03810588206
570,195000,198698.5478753818,189642.12998612344,189653.45937267612,190399.77257788263,189961.8569475779
850,187100,195275.65943968573,195508.4689544477,196085.51288100868,195667.1634805116,195924.65390974015
1930,129500,136129.49429063598,137137.0526627149,137703.60318190025,137681.58013149575,136962.0064917359
2297,138000,114781.682321258,112095.56230712635,111753.4181706363,111843.36383845333,112141.9864159903
835,185000,172303.336710303,176182.05332811925,175031.08677195446,174510.28160443282,175901.47136345398
1055,317500,270461.7638936906,278253.32060498046,278695.9544515371,278044.53405276453,279121.608794608
2431,192140,227416.83489036944,210391.922583046,210077.8340849036,210598.4679713557,209730.13910545057
1791,307000,281633.803445108,281592.29137243493,279943.2464166597,279239.62905642524,280341.54609143385
15,212000,229930.3814608137,217951.55654985356,220110.1263839888,220807.1995227191,220325.6302689008
376,200000,178879.47889583377,177896.13727651522,178173.61660111268,178029.2197903699,177671.5906987873
2259,257000,217476.5034069653,215273.57759395096,214839.48150548828,213955.07600362808,216895.1576012464
1321,325000,257996.4559900146,252438.14759322745,251012.78979154257,249549.71190742968,256610.81696898604
2570,118000,127087.9535381616,125933.72019230448,127082.7181928504,126241.43841086958,126395.60681909956
2117,240000,247667.73306590968,247451.43853197523,247411.92097133305,248341.51569497256,248703.69455705216
423,485000,451847.1178119053,429823.0411538541,429181.9139894651,427327.4280281761,432291.3039121252
896,120000,130595.42702546724,132460.2567176111,132679.86932786915,132545.17867855792,132361.2946759165
2579,141000,141299.6671510839,139835.9837925083,139597.3286376386,139166.8616827602,139849.19886173762
560,129000,138930.37308097174,136260.57993727856,136439.7154972338,137132.85929717548,136431.30008924913
1006,188000,185085.46175210716,187732.7988049956,188565.19612007347,188195.7784920784,188355.20271336896
823,239900,238159.5756731924,233695.72622423733,232769.64163663657,232966.99535928117,233717.2346462436
1443,235000,221632.34395226967,216967.9609053651,217573.568789889,217671.6919167977,217869.9240385764
2410,171750,187690.46636251407,187063.46331366367,188656.3397093276,187473.65246088683,187701.33789029613
2814,173900,177791.10635931542,175467.9882776656,175581.18663418715,176249.18685665235,176149.48629164012
2273,279900,282512.2920538902,277086.98586044414,275890.0557664061,275431.5661898746,275409.29600801365
705,93000,105035.36704177904,101988.54685542744,101984.9680331998,102989.53032871136,101843.1832926175
2897,180000,181275.52183855345,181779.1518542352,180731.99284975423,181176.4619041053,180954.9905116878
2389,300000,319170.7289383253,308611.7759089868,308775.87428869755,309259.0590371769,316027.391108461
65,221000,219983.2963576177,213220.05545008392,210889.474345311,211842.65595149956,210044.56681116985
107,155000,139764.91859165695,143151.13000692645,142171.71784123394,142228.90642900235,142488.4414689929
1475,186500,201244.279928993,200912.68772674527,201260.0722934685,201224.43559608972,201006.03144416664
675,113500,135149.47841455645,128749.14596843813,130383.93348223453,130076.2682753638,130837.56899841584
991,237500,214851.85037790256,209545.4128526359,209704.07423010693,209130.60832809535,211053.0792184019
1216,145500,147418.78178963586,146254.561088881,145990.1940851811,146345.50673101927,146128.11037924723
529,291000,263029.50365416973,265487.3933356061,265464.21606156946,265292.6717782945,267769.74157458433
109,130500,170780.20200414045,170220.85812759906,169669.14331978993,169860.04765650575,169637.22301378337
552,160000,164628.30245160946,154694.1024154907,155572.96127025437,156099.62818702447,155750.20872541133
2057,108000,116123.31574646576,118243.4084519617,118415.74836232982,117900.6299786041,118120.27397706936
1501,82000,81301.96434343471,80924.76123621954,80896.92455329087,80983.02398716245,81139.22417825108
2576,145250,158953.302037633,151816.10628425676,152243.2528903965,151911.55516251363,152212.75414601213
566,280750,286996.8961597241,267589.342776917,270779.1183540366,269401.3716150515,275398.411141594
1112,214000,235702.2549575503,229314.5065462297,229274.099895186,229901.237596438,228837.86148407427
587,197900,194433.90643829136,201192.0534303262,201987.95944701723,200657.9674330669,200307.79573881268
131,76500,82601.4091140201,87855.86429460472,87063.78053034868,87451.74738071946,82486.25356984457
2274,186700,188130.61738458957,183041.5793832116,186379.59132448284,185400.5143839031,188292.70023949465
104,147110,147007.4334783985,146313.21343689295,146240.22550292718,146681.30730793485,146450.99637115296
624,187500,164412.28791504283,167044.34834067713,167489.1413717684,166858.19187940986,166849.1726010987
649,145500,137985.26695639937,135357.83208013067,135449.15074304174,135913.66252300082,136301.31848530986
1269,98300,111550.3759959444,108850.77678912415,108595.37241397954,108200.14198606231,108534.38153089062
321,202900,211488.6815187912,211681.45478617947,212844.96376388287,213793.8215321962,213727.6394557882
266,237000,224693.4284063152,224620.03509685516,224169.92988129196,223407.05259032283,223652.04142176025
387,235000,237327.80498352568,236988.2012798812,236882.3179123605,236173.43665425756,236799.01340544227
2020,127500,126368.93702306364,127043.4059835467,126788.29811648224,126972.99465916472,126910.10300920434
2716,180000,169836.24400855278,174830.5616252474,176429.42814990965,175452.68265900988,176423.73885425535
922,160000,151131.52260522777,147702.94253516343,147633.19246314716,147178.58142492894,148409.60227248576
2744,123500,129444.65245527482,132935.62184247765,132798.88394727872,132966.70885693489,132805.3877851379
1931,142000,140096.50159649798,138744.70203755697,138853.55880219192,139058.85906063693,139267.6638958682
2279,130000,116427.98500097702,121322.20321669,119666.42332216995,119908.94904222069,116302.71235843854
2049,130000,130108.4768100462,132402.9608815125,132904.96239129387,132494.2439760089,132674.97401047804
1358,161000,143190.4946861707,144135.1410017217,144151.0113030581,143398.7530888595,144063.61889607357
1052,426000,396928.9603445653,377484.3938654172,376710.2560372723,379510.2504922013,381164.8911011308
2277,281213,297104.0677067096,294759.09055878315,294502.47041492845,295234.6542094689,294908.5541535305
836,152000,151494.12399853513,152036.01670004893,152248.97778731928,152474.533469032,152073.30573313014
1220,72500,77031.96154935427,79181.22128782996,79541.61064317312,79738.11549298136,74461.91891638066
1162,178000,181841.17311743624,184490.828290848,184143.38044154752,184764.5072996652,184374.74369637927
1240,163000,159034.180302919,160131.46846817376,159862.67124073347,159942.52295943917,160111.9263350588
1442,231500,222796.9293008386,222003.63667513573,220785.9991466872,221072.493153002,221102.0146484312
990,176500,174149.42214353548,177793.4074342444,178291.1511612131,177638.47976353805,177651.92641106757
1639,155000,162742.09044733955,161898.53097492948,161749.09507163783,161656.52689444917,161902.31674319762
2414,179665,182220.9407382024,185301.04796241823,184424.27704041995,184448.26878933297,184294.6046303401
1092,217300,212273.80567931075,218849.9309387631,218420.1042459929,218736.5677565545,218859.50260645777
2265,174000,172189.91493476968,174654.67201620096,174614.1854919939,175021.78641987548,174211.82918780457
1984,89471,115292.77173160536,111591.49560910912,112325.15630885678,112698.2308638293,113089.46101822492
690,127000,137533.24343420504,137613.95726542996,137947.06888119443,137976.56631913033,138018.23113981716
1459,222500,251958.90185218872,242815.4821394796,242214.1340591742,241981.1589446402,242845.9301136091
1365,127000,125673.1262543901,129584.12823980609,129220.06152859228,128992.10815664857,129645.06088084084
522,370878,329295.57008564443,335196.5635733452,333570.9741292255,334891.4097973976,336006.647741286
2770,145000,144764.84636868635,144931.66103667513,145798.3185956567,146155.9193718272,145413.60845138217
371,260000,231915.0109815664,234915.1892855814,236143.9679292661,235125.7650562805,236595.0129198036
1522,189000,193961.9860004233,174825.69181503198,177116.44420672953,176623.53975299984,175510.7824347373
1042,100500,99980.8237443836,100119.3678938099,100155.3779348581,99869.73096024532,99753.0820002528
1838,208900,199495.75109233757,199322.1809126796,199472.047648539,198980.6150065774,198641.51582453787
2921,71000,81784.98781930456,84912.74758426758,85164.33520846453,84938.0841646282,85008.01825053294
1185,205000,215578.44765570076,203608.98330870987,202481.26681839235,202856.2469704802,202780.16119306555
2802,216837,245315.12634862275,251050.4174017082,249813.0260156396,247395.00651234915,246720.79672151688
1435,226001,198312.66425780507,203123.4573336432,204050.30086457368,203764.28750511172,203115.66408456647
58,180000,171146.6223109489,170310.7519574461,170579.45707588986,170429.60336782713,169842.93757664948
322,378500,412719.75106941885,372666.124381605,375374.77635227214,375436.1926252263,376471.9243331832
864,254750,260180.19663785337,257541.20640939972,257977.24311248804,256786.755723398,257314.9288459191
1046,111750,116182.24503942582,114825.9960233236,115076.21174911746,114872.21406009932,115274.63904017664
2306,149900,160937.61788549833,157088.58236089925,156485.0633126854,157043.15687274205,156637.75170652283
2143,127000,130369.04629398102,131481.39152835397,131160.77163398007,131235.74674493333,131197.57092250336
1983,120000,94977.10861365982,101042.88886468991,100222.46187452986,100084.49541718463,99843.86689354414
1728,181755,176345.9329143081,177803.65581180237,177147.06280869668,177677.60387062075,177641.80980629422
340,285000,277045.5920314172,273899.8173571653,272646.57494747493,272309.26889861026,274000.43016271136
480,195500,189366.52160502583,190977.14780552543,190468.9601219617,190254.94764488933,190833.05884387816
1795,210400,190007.66333045493,190899.5135370953,190317.31715551487,190665.23403086708,190957.76269822585
2088,96000,102700.08800117248,105201.76155974776,103284.61038945532,103726.7393163585,102607.46152778728
1187,183000,171491.52004091642,169260.20434830763,169739.06803571695,169247.59463119664,169996.7807378762
2663,144000,151772.89867871418,149154.34038530634,148865.0544670773,148299.83133070645,145967.02323820777
42,275000,319819.3771137378,304825.97397077765,303269.0836004863,306434.5797640194,306857.4352443956
2762,225000,221937.78362563683,226466.12984632305,227311.0968006528,227258.64690421632,226950.36408531715
1018,226500,253191.75356510503,254436.90469494637,254279.308098496,254988.73012973397,255645.9926002721
1939,116900,129567.06356130826,129680.33414232156,129947.30449015868,129739.42196166684,129949.39142518588
2118,187500,188743.9207052883,186609.8196844741,186757.95830992307,187163.6489207135,186885.62667994463
2636,169000,171900.9808344567,149691.4936085056,148464.58520500237,148064.08086163143,150234.0444021446
215,114900,138321.558034974,144857.96739131626,145877.18835520084,144411.48294083803,144834.46920622172
617,149500,159930.64628541472,165825.0180530902,166673.83404054152,165449.5589388768,164563.51794296707
2226,123900,121425.42418529624,121979.7036741887,121812.88909089376,121496.66568052146,121716.96424698184
52,199500,179169.87864500293,179552.6235420732,179650.93998126514,179956.33869630282,179578.71446729405
2591,167000,235223.319684562,212517.73274293303,212324.2862273808,211802.64567437585,214493.9377642061
1701,418000,372295.4943652008,363391.1201147197,364534.8484138305,366164.53865061,372648.0544344736
334,130000,122890.9537100694,122460.24235053828,122101.03283817125,122268.74945116528,122080.14921088748
2511,166000,173511.72846610367,174418.38255188108,174680.2151398394,174624.10912917228,174567.93590049798
2207,90350,95439.76256441994,98763.15025317928,98525.75501050908,98521.92839442866,97818.58320729986
1378,129500,130331.46484550652,130078.97056235804,130190.97029199234,130261.35567530883,129935.31725750754
2604,105000,79878.60553699674,92050.3768051985,91050.82483430952,90971.0044472912,90499.60347526152
795,84000,86870.09818469496,82970.18707757718,82942.49276406971,82490.83822419215,82635.85967242335
2929,170000,163710.08737545324,168154.28045536514,167655.28378165746,168000.92854389394,167785.17657149365
1873,175500,158229.25015464856,158375.00357089998,157940.09533626132,158084.1488295371,157926.28116136126
2745,93000,112061.48415301292,104508.17714248812,104935.02756691702,105353.1651018091,105005.51620938932
100,222000,231924.975575732,244110.81028152976,244726.8933297925,243740.7786063328,243075.3653974934
2810,195800,180874.8924336093,181605.75439575745,181243.92434208957,181208.3474085643,181277.44117315867
1466,183000,182692.48454558736,182590.76876172528,182979.8475416004,183059.70754045364,182712.7897468189
2596,99800,66787.78948999809,77396.82800371638,77365.42159074405,77708.37192263818,75974.60934810429
219,131500,138560.82512376396,137914.71615799188,137467.4487934936,137207.8442557276,138022.14033095757
2771,187000,179222.79505778782,183503.22089697185,182909.94387194616,182361.99568314472,182420.8561830263
2801,274300,226469.34988398995,231142.58005964756,231559.729173583,231654.17843295165,231174.8078001069
1539,311500,193712.154485858,201777.75243230132,201935.26217601105,201148.94182298056,202614.6357963556
2477,184900,184908.80976115997,183353.1417558524,183232.28941061272,183347.2767067366,182924.5551506102
2003,87000,116915.6057728973,116617.0593876828,116507.03970575811,116735.87607584707,116277.6053097923
2756,204900,214698.67893136689,217649.5088627226,216858.9043531881,216913.6535107846,216872.3877159487
1172,328900,280975.00066615845,280705.1512118953,278831.7602894711,278685.49185578374,279712.7608813767
2472,186800,200024.6300161347,198312.04027261524,198034.64698615277,197722.54389702843,197786.8650914784
265,272000,240187.0871872551,250091.30746386736,250245.90065067532,249514.86596056537,249597.17229933708
949,240000,245563.819467293,243670.05796403217,245056.13397571535,244847.17734345,243663.83919599495
2553,137000,131341.42365342786,131010.80173895913,130692.63730549577,131182.40174944384,130962.88469953794
2772,193000,191304.93924487956,194234.79773695883,194871.46675441903,194939.04264657336,194614.6171979461
1061,379000,361723.3656139563,347138.6122220436,346114.4732777193,346271.1097084625,346122.9046246184
2865,239000,210486.4937299958,206240.26675677524,205018.48452653625,205562.2223511821,204763.3167555729
723,85000,118234.66136612828,115709.9270397858,116346.1164750158,115842.70139607874,116060.84026068624
267,240000,232453.91313404072,240176.02769210195,240821.094393185,239950.9836204088,239987.016023696
415,147000,152470.05890862425,151609.25584215584,151601.66215309416,151623.55322233765,151594.00305387971
1383,153000,147443.76040465885,145178.2685958716,144616.55563399818,144928.75769497768,144219.02953221576
163,154000,148296.19844289802,149633.44304622573,150200.97842494142,150009.7361007757,150363.29097723297
2561,135000,136917.39268913935,137665.78723855657,138044.11010865003,137950.92020365933,137697.04443734855
2080,154000,147151.92195391734,146322.62062180165,147135.5244249642,147184.30373215192,146978.14697641748
1610,172000,178706.50055490408,175350.13263856593,175791.24910746934,177037.4813244665,175721.7948408108
966,220000,205815.2617938493,203989.68171147924,203546.75313984265,202890.85225222903,202461.5608678159
2374,146300,135867.21137384346,137018.0600954514,136894.57822548167,137238.89235972194,137241.71461696178
2001,153500,137101.9055784787,140592.55920088745,140916.61921885452,141503.4932823221,141033.5012733199
2164,173500,174619.45402427192,177795.1645327849,177699.33432867905,178189.79422891204,178262.26285293608
2926,142500,147989.44168132634,147227.87056834353,146457.06349285174,146661.92498251275,146412.9218095454
2575,132000,144883.41360659272,145149.954654681,144985.0931666479,144793.0949781594,144894.7428369232
2315,202000,194498.69783436815,191956.1039289785,191491.16350027133,191723.6538260193,190984.09443940668
955,152000,192894.2176971056,190917.0978653837,191284.6856048365,191428.31541519437,191007.95898842908
1832,147000,155560.82950578647,152787.11726542187,152750.03321514966,153075.7057550829,152560.12030808668
437,409900,358689.5156985535,349309.3163434281,351139.96997762885,350284.0626575442,360611.7663304639
1469,136500,143742.48658830213,141858.59339416935,142332.5423688304,141822.74571191004,141786.8621424347
2617,157500,149899.3417716383,144158.5759569817,145681.63124186837,145854.84262169155,145384.88798097783
1612,167300,176343.896100412,178134.69058479063,177431.93613075864,177924.512278383,177209.0118141768
1364,127500,114091.9492729257,117357.46111159942,116604.51076552916,116963.06185991944,116407.55339164108
81,152000,147540.7056867887,147639.68596625893,147904.63536108323,147619.5177397228,147527.41604452374
1652,148000,155296.50330889365,156098.17263110937,155631.97851939662,155763.28485467407,156139.54730395283
252,198900,176063.5495958852,180038.1654197105,180587.53471794887,180074.72574344568,180337.76937726577
807,131000,182871.8060787992,162743.56797770524,163156.7803789426,163875.52194002882,165956.4388487021
784,135000,133161.99316971525,129186.90366938055,128572.3741073642,128695.1887110006,128259.5412822518
145,142000,147521.15947692766,143054.46508153484,142539.81253478382,142375.05450003763,142547.2626110188
767,103600,133257.87054180322,132601.79020457098,132026.5781933278,132322.90960185195,132249.7060759886
803,271900,300645.5659954846,288999.2676932683,289702.2613475123,290029.84532266593,289355.076157465
497,327000,333699.4097651036,321271.66291620635,321655.6140461624,321054.27283284883,322337.86465794314
2540,146000,151680.3695167685,151101.1154684789,151655.29648496388,151921.11539749158,151688.49004144766
1063,316000,320978.9280361167,321781.8269020352,320952.3486406215,321118.10421615635,321679.75171464594
2458,290000,293682.252028266,290440.7963191741,289649.0103303765,290091.0687370536,289908.4267803732
2601,120000,143340.7355039616,141604.08489259577,141281.4587085235,141340.1736803145,140933.12922549466
1651,195000,196027.64701313493,193859.88143421977,194784.1262962396,193599.44095919636,193136.6780156184
1467,207000,209129.60966145527,211114.9660346445,210053.3867236346,210210.47391920525,209761.04904231647
253,187000,187473.61561793447,185358.1662937584,185432.8751283962,185233.5090166984,185255.3341973849
2347,169000,154777.5495111207,157931.49302643974,157461.39885233107,158127.8693715698,157624.2429301333
2638,135000,137414.53981368607,140033.92527885095,139483.98043373632,139617.78205241062,139338.94751853126
2831,130000,135276.29640389324,135375.89967731293,136315.4144246202,135477.30569876212,135495.3469446883
1075,370967,340513.1540553579,350160.7244760969,349515.6139624376,349771.6555231672,349657.1446846385
542,153000,161025.3375375628,160831.63638524053,160801.40900329727,160330.79824932918,160802.19108339355
2684,89000,93162.18953101365,93040.5448123359,92245.9525118194,91846.79909067898,91821.79313849572
1748,175000,177995.27518155656,179980.90369615715,179925.96826451947,180195.86699079775,180604.25706538095
2016,131750,131403.83464393762,132731.08721296984,132911.25124578766,133560.95068464926,133007.60404598995
952,173000,171735.65960978615,167545.23182738217,167352.2320823773,167185.97757608173,167525.08991278935
2085,130000,147692.97115173048,139559.88608654254,138815.23426823123,139222.95584923352,139715.4746173592
1971,169500,164502.84130605348,163740.12353689552,164174.23213878245,163132.02628849552,162564.0526230591
2127,123600,126217.51982375374,121934.6515445845,121686.35125408357,122166.42734457136,121295.0361217277
941,123000,135458.8400329525,140849.14244773067,142936.55464722062,142050.53225047543,143911.10197875393
1933,125000,124282.29843003006,122259.81895317113,122274.5720821447,122364.4479143765,122114.40307057805
2661,155000,136874.91912358973,136939.14985957605,137454.5137035239,137776.59765282684,138044.91849291968
1098,185900,180853.4947633877,181855.52547241232,182202.12795429575,182095.26148835075,182128.1762862377
2382,252000,246428.3084470632,250462.2059446387,249654.13967174405,250026.56337157823,250530.32636371945
127,142125,131705.75413903614,137853.25926100445,138514.07795566018,138561.57062572305,138528.19004765127
496,403000,344640.8268111872,344740.77767166035,343534.9836052016,344007.27933800995,351038.19470826094
1386,108959,139916.26027030274,138958.9722189269,139095.01362340906,138751.14785902164,139621.66662475944
2852,149000,140083.96948654193,140473.86006892892,140273.7561581572,139840.4647411165,140287.74250288965
1735,179540,173068.91778343174,174254.75603841656,174251.8506367651,174087.98414442822,174076.1745247977
202,140000,147012.11515739927,141783.93208228302,142003.7113059378,141620.40403135892,141113.77119742567
2190,110000,106390.7760288271,104926.61491309004,104623.208326406,104270.57078074227,104354.041349539
2869,217500,200017.1489103817,201143.72921547256,200570.8958016352,200996.51314688183,201510.54212268715
1705,319500,293488.8944539539,297460.0125238624,296619.83985706966,296297.153183815,297436.5859208571
184,150000,145519.30945018248,144529.8163555452,145158.86413909038,144576.86446155925,145166.97486108408
273,185500,193527.32875211697,195892.7677652159,195112.015524194,195369.5302547776,194775.61513288884
1820,132500,139765.42369178048,138075.7320556468,137922.08994007064,137798.49695419308,137883.62310519713
388,213000,184208.75015482807,183981.66438289805,183628.46098685724,183822.6288579671,185432.0105430116
1127,339750,287132.8568365317,288408.3252077041,288233.8714119185,287914.6094815402,289728.01868858485
2261,267300,258780.42508305304,256694.9992874708,256910.7957896817,257391.8497349969,257751.91289464885
2809,203160,195013.6437868648,198432.57687032956,198965.77862721487,198714.98730569944,199253.5165518458
2777,196000,199794.56578591076,201627.15310368556,201931.20390570708,201737.78864689425,202041.207325892
89,127000,141155.57647503316,136434.72313349834,136509.40960325894,136652.88192375298,136360.68623679952
1622,160000,177883.01397622316,178172.3172425414,178077.38316097268,178242.96842475524,177995.58225562188
1843,176500,175188.4015557797,174267.41123761467,174316.83121716266,174470.92653521537,174385.6656925453
1387,95541,132731.62724134215,131594.82893865524,130954.82350428426,130445.13810286402,131511.25798374476
1099,284500,267420.31533032225,264780.7644104036,266790.61076642014,265352.2100501986,265054.4012629533
2068,165250,127639.47716361088,132784.09363860285,132414.9335104433,132526.98628016142,132910.84012150738
347,189000,182165.19881133136,179474.9313203636,179528.4682128712,179179.73396269174,178969.74652479356
787,139600,102060.70060182048,120397.22043064013,118643.94867920052,119073.29123172276,116748.17063992655
2916,140000,158235.97927348223,154357.9236176662,153834.24760844707,153352.04126233878,153331.41604802138
1722,202500,206042.5595247697,207337.44939837905,207245.808833709,207559.43268786705,207399.5253933711
1125,250000,266048.7448029945,264963.64224867086,265441.8383471383,263723.0635933129,261912.91402859645
720,168000,170690.4459561018,178506.22244864446,177918.28434537802,177046.63058267877,178458.4564536046
377,249000,231816.10950526284,232968.9530295616,236143.75881704508,235223.79324799983,234757.1607984755
1726,221370,205194.7451343152,207583.081884842,206253.23686873136,207914.30407061116,207317.5473246392
440,274900,300880.12343345216,305767.1399854714,304730.00947531656,304653.11160341115,306047.1183105937
1638,591587,478451.4556628472,461711.3937858141,463240.3538667144,463615.98541008605,425462.7650914782
218,136500,131601.28800777212,132616.53226039308,131735.06581626242,132164.22759751687,132785.78989389766
220,121500,161774.4190205019,164705.9475535555,164404.31073847128,164795.93910269174,164465.59045531048
2794,275000,240696.30605363988,257063.76601514337,258667.86112122968,257925.5317147643,258391.0219626205
386,220000,231126.3314856013,229829.3752798056,229056.04120128465,229444.5815967705,229328.86594556476
207,55000,75587.52503910278,78547.66037252502,77644.31510811225,78041.73236728001,79050.43537436309
12,185000,169108.79190007283,169661.27647201862,169493.20783757526,169595.78131552823,169768.58521578563
602,127500,118352.9708484873,118335.36796002928,118278.89213689388,118371.70557566007,118303.82836095388
2702,130000,134881.03529473202,140488.09703993335,139733.59025592462,139371.30279429854,139972.96524123102
1987,137000,119707.69857569788,127750.96054983686,127789.32056232927,126156.28470892244,125032.8252161659
890,127000,139768.2563937194,133821.2773311606,134462.69311144025,134749.8397732089,134666.01800716505
1248,130000,130810.83830219398,128440.68880160675,128109.66418309072,128005.58841839328,128058.51744971047
25,149900,153829.22800388336,154508.5962733134,154613.8527691648,155117.43934421803,155166.7433918761
558,122000,112286.0111258483,118200.9835636641,117789.37772319948,117071.4789912458,118080.41012909036
509,257500,255200.53843036608,254625.85129334868,254163.10763930404,254767.5750437626,254443.62881956407
2125,146000,136199.0113298261,139684.1449246372,139988.51710886208,140175.8373368671,139686.5265382436
1758,162000,166710.26945120675,165499.215932437,165352.6128555058,165153.3131759865,165069.41699759365
1288,111000,116720.20005188162,114136.5626895714,115112.50070295598,115309.0943480857,115097.11128091055
2172,122000,142478.71922413423,141824.06061028337,142043.4285079501,142175.49187825125,141744.77240875055
373,82500,168154.850944432,168287.61740664885,167709.60341487222,167571.0318554626,167777.0897373805
2549,140000,132064.77331549695,131580.77265498065,132444.46829452916,131961.8253518253,131948.34915779842
1616,225000,186876.96546586315,191853.2662573085,192338.1121704449,192150.00544326316,191891.05756484185
573,156000,183607.41094615063,179981.81391807806,179319.74069962633,180024.8384589745,179722.0865038638
2338,169000,161150.23683977744,160249.47175089864,162239.83269760746,162803.97077478294,163302.68989942878
1895,147000,157188.8735745045,157977.0791224219,157414.8461096749,157220.9777216866,156781.34490536977
336,149900,132894.10074304143,133073.0106115598,132362.26218954232,132504.47044982613,132789.61276478498
1107,341000,303128.09768312454,304370.0797944989,304835.7454492409,304780.18631759577,305168.064880528
213,95000,108481.60700975868,102732.14838737072,103313.88759297968,103309.16654683098,103320.07136578434
2882,115000,110741.54454950702,107581.61945988525,106794.65963447746,107669.62188056186,107259.96235961796
1682,155000,158874.4898059311,159579.9608625803,159828.93737949894,159713.50543662193,159764.38038510803
1217,142000,153736.15716934728,152240.99074857307,152169.15779386382,152946.9405953637,153196.93926388983
1670,110000,98715.37174709872,104964.94385553856,105097.2140143431,104604.935788593,104885.7223378142
851,203000,219798.97022122232,214984.48918607147,214143.4598038332,214734.4194177249,214168.8745519613
1788,260000,226615.76442650688,227776.89211604724,228281.42995321745,227882.37895981915,228175.309815512
2013,113000,115839.24301319708,113148.15288405187,113496.10207976108,113631.67811959742,113886.30384815818
848,227000,212215.4783797793,217052.44123341865,217690.0266153859,217778.29571797044,217554.4269790589
1461,274000,282958.6025411339,265257.14135913417,263326.9498927604,264563.63636064506,264879.01013793465
2337,438780,418514.1303046567,394924.2310537056,393856.6538904899,392827.0964009201,406487.114837902
1385,152000,140102.5825185284,144344.68604615773,144533.0018791752,144329.48251485446,144236.53225710485
891,125000,139835.62386315988,141277.04528981037,141014.38279681525,140688.2163140945,140705.0742815341
8,191500,185358.78485501828,182090.71648901468,182059.0939124093,181681.60017031783,182068.56420304623
482,178000,180605.7398006293,178892.6516033911,178939.1094044388,179147.09671531277,179343.34983515122
2372,108000,104460.6459297288,104709.39823583236,104875.64447638826,105030.99865716322,104758.74300199273
882,190000,209237.40699584395,209836.14618569257,209551.3875333668,209948.88530727456,209982.3957306489
937,208000,203598.907881336,201230.7460742448,201247.8037426209,201202.83211908737,200999.1937721058
504,263550,274883.8036113346,276828.23511777056,278190.2106204111,277905.15362892987,276859.6455122863
987,130000,152262.02133250455,149253.45979452433,148355.03980338603,148643.34041307887,148449.83195307458
2332,356383,339592.919144619,325435.47871333733,327419.9622812266,325888.27036087133,327297.119733195
2295,196000,201920.59763561824,202872.67610752909,203257.9880728772,204217.18000405628,205396.92459188483
2030,117000,93229.21573249008,90441.0425405477,90941.56512586297,91365.47575731527,91344.69296890376
364,225000,223783.12187313303,226730.68736230017,227060.60805028424,227119.1576531038,226754.8452803572
1088,190000,175362.44098547762,177163.74163332954,176981.8195948744,177388.76720746994,177188.77420634116
1147,187000,181579.40729516812,186677.18582280364,186993.95688894705,186326.91360137495,186883.83803815467
1737,181134,192776.1746698832,194453.5505443081,195026.7211112307,194028.9486702564,194605.0878718759
232,128000,124501.93646923028,129539.76107741355,129591.0982116053,129684.8348049186,128974.67865672208
759,135000,119363.16311404912,118319.3175940766,117729.36508152475,117693.40726637872,117060.78456879768
2819,102000,110009.4586594347,109183.92154941,109663.43298511417,109571.52542106992,109193.80376129616
2429,264561,269225.7494389209,267145.0989551719,268375.0311383601,268552.6558432258,269335.19388130755
10,189000,192311.8864247891,191507.02303053805,190615.4109322005,191536.36906151005,190728.0735936386
2253,210000,197336.5022849327,195966.44645587937,196671.69259632903,196468.14466903935,196570.59683413405
1122,250580,204315.1432523264,206819.39559829165,206154.7131966276,206337.9618341337,206180.5587218567
2567,172000,159805.8175923243,159533.41386399764,159451.32020790555,159316.1103328437,158944.70290991975
589,113000,143323.98798651336,142492.46781555229,143133.61633298875,143027.280085998,143346.02990445404
2746,91500,118139.89191362132,120714.38505027296,121342.0215543805,120127.97961294225,120333.25318967924
2231,315000,249614.85509608831,249265.45488216064,247817.07790949557,249262.42658487172,248597.12253654128
2608,159950,151985.51880683695,150085.85171088905,150309.58136754777,150261.93000856333,150201.188874635
2006,136500,116159.71153877032,115872.56025555683,117027.09862744952,116620.31564269795,116945.5329913346
1579,218689,204300.8779038475,200248.95289900227,201510.5515019842,200690.74471206052,202116.1881096611
1719,207000,199046.11179594035,201844.1518010604,202224.05273236329,202644.52791209304,202361.61219618903
971,115000,144086.50442288644,131970.58149365537,132224.925659388,132927.37743079022,131786.60841880928
1060,460000,411971.7960218156,397492.8107482425,394645.90563402016,395673.1270582889,402693.8748731836
1961,102000,117752.1688399297,122729.67719775216,122758.8344944991,122023.47526980084,122684.55015114445
2402,275000,254232.76264397724,258291.78446875903,258700.50008564384,257958.66766401977,257356.4312381808
1654,197000,183923.427709021,176297.79735685122,176024.6119315282,177025.76252548082,176434.3690392272
2151,267000,267732.2955130644,271774.9811419461,271316.727476134,271337.83081068785,270635.10069619486
122,178900,174629.99416794718,173101.3309517114,175399.7161681685,173641.45768534183,173777.28514235676
763,179000,167044.08688928632,165349.46794148514,164636.45612191907,165450.61150880958,165462.88272735197
1209,180500,164225.6436308364,167711.14201689465,167993.51970295838,167493.81296951024,167288.55762501035
121,159000,146399.8417842023,148324.72330482746,148051.98702480132,147567.33413226315,147335.25290058614
528,264500,245791.2070653635,248075.3975896303,249606.66499043515,246212.2507571541,247700.5337147012
1299,95000,101493.77791484458,100067.13837143756,100421.98664073662,100554.57729534908,100789.84005777224
2356,153500,152138.02145752936,149030.76370402228,149525.40831524724,149539.5004216659,149881.4710218769
2818,149900,176999.52053077056,170365.12706138816,171399.59045390543,171184.1116237102,169824.65814743337
2178,155000,139565.98417101422,141308.63955355165,141342.2834725672,141481.64535900022,140913.17536686687
151,122500,123025.89046895062,120936.96276162652,121085.78913887173,120747.41467419892,121423.49603779304
422,462000,418617.1239507267,421654.5902436983,421109.06576486246,419474.2979867857,423525.3576634839
756,103000,108568.3894504908,108711.37276098912,108158.90309718464,108294.09523151582,108607.19540973163
1818,144000,145626.47479220244,146107.3891517851,147372.62773222692,147904.3904877359,149309.08185333785
2838,104900,115953.83331399196,125718.1462159204,125091.98366064909,125350.33473984966,124860.06815950877
414,137900,145804.3108473822,146050.35489600495,145988.72048023922,146018.13553212731,145833.31459136223
1057,417500,411550.3187371069,440975.9961374849,442590.6771068167,441040.8457058555,445321.9293933832
1313,130000,135241.67057024856,132067.39353938986,132122.81237004383,131539.18411557615,132442.1751920102
96,155000,152313.85254128763,154553.68040728642,154336.3533560843,154668.95532414777,154518.12069990553
2061,127000,128532.4813663082,129623.72851720716,129248.50322017644,129376.28070970724,129239.22365579232
2069,150000,144450.63101652963,144192.95609850937,144417.0175361294,144787.06957231957,144760.64904257393
2700,150000,156476.40113276566,153125.1865934443,152210.04778014685,153541.6262589957,153976.5221521963
1474,208500,196964.3270418332,197834.71623300615,197463.8831846522,198005.52281834683,197520.5143824088
120,128950,135789.83020662237,135974.04213681302,135478.98716538108,135295.72421046183,136423.94579702066
327,83500,98962.5795492415,96672.37447924155,96268.5768847262,96735.51333526237,96844.76869711008
2309,252000,204991.61186087,207328.2130845412,208110.267663792,207904.6302866761,208157.44176546988
2501,334000,358773.4486724291,360288.3419810922,357903.40886836534,358104.2698530176,356305.77625016274
1161,171900,163462.77158481115,160324.89524813544,160587.0292625034,161064.0574756202,160586.0509538438
1558,81000,100133.22237440008,92905.5447340588,91686.56004678336,91457.1854988808,86116.55821558213
1901,138500,121875.53802450743,119816.59036439029,119240.88184728214,119452.82546950242,119335.71956150638
513,253000,244194.33131516457,237964.0538211137,237625.50198166416,237769.32319450588,237452.2966900828
2255,143000,150154.71332025714,146957.79904871105,147072.7273993392,147290.5059315943,146790.30077017876
338,136000,147418.21493408838,142725.9916687871,143249.9215895378,143313.31419396782,142763.2043635809
1337,120000,116987.4643483008,119092.48124142212,119263.17464265994,119245.40973367127,119186.7752674562
706,129500,126097.3472280226,126628.75539646356,126894.19696416448,126224.44466945458,126274.7254719376
2622,109500,110092.36485152628,106226.61475948775,106329.99722710066,105976.39841947152,106217.05361978282
281,90000,103279.42534299896,105918.10224443387,106445.24031100872,106580.79401873868,106252.65593367978
1568,171500,173479.43509169307,171413.19474040007,170632.68881540222,171094.00897652342,171088.6055397774
18,394432,353694.12460936385,353991.27829003136,352958.4348797323,353463.29401005164,353219.5724763748
2724,145000,98218.77518056972,104373.40407404838,103868.60456880402,103979.15810525438,104245.60521352672
1692,492000,434843.1224580761,426164.3694558489,428015.0988551798,429381.6815447934,430313.8663306939
2798,210900,239933.15267066436,237824.60635178717,236971.57918661172,238336.02949419813,237672.7841718304
742,133000,118219.37248840918,125566.59323771582,124952.11748907252,124871.66540689937,124680.16132202864
873,210000,214464.27456735488,213255.13527589763,212570.6956660692,212173.6200418023,212602.414233264
2909,104500,119220.45311948736,118191.88395393104,119293.3337058217,119504.29684181034,118859.38818702432
2641,178000,150589.91339958165,151984.06938274024,152182.2080193314,152904.43982174635,151639.782579061
869,211000,206556.87281783667,204960.31215277984,205196.75657136,205525.86326475383,205261.92726640744
1708,342000,325855.71621014003,333936.24687758647,332409.7743392719,334271.902509018,347140.48936460604
2361,116050,103075.16897192346,105763.33938386138,105501.27253784184,105474.2514004904,106361.41501615652
1329,108000,140370.52942803784,137176.35362342745,138296.17902598658,138693.59835897188,138366.2436696252
1453,124900,119702.38110854906,122173.25394856728,122301.44602770466,122319.89779988724,122416.21846239576
2234,87000,99148.44970276247,105355.9896006848,106210.6441874562,105908.35511551378,105500.84844128808
1262,139000,146300.97424344925,142493.66457197675,143111.84595068925,143306.72391640104,142721.37624531676
1764,466500,505415.2176490486,490161.7787340164,489007.30629143625,487443.77952447854,466366.9132391417
2301,135000,153700.26975621036,150470.2055861052,150638.87225774748,150434.8653028819,150917.36766521435
1411,159900,155074.57131901546,162111.6167889299,163223.03230919322,161288.35059292993,162869.4300744083
923,155000,133681.69981431848,134175.61589028893,133778.1059684605,134013.09827633106,133330.47126542163
1440,191000,202579.09827765892,204556.53936508612,204184.19490168343,204397.4703945728,203606.6740059621
1182,162500,158384.87604176014,160655.25092318474,161183.42652204836,160458.16720498278,161313.51653919023
1749,215000,210398.88551387895,209526.266231482,210654.6128096101,209479.43051832676,209235.64089238443
1681,128000,130424.00642890405,137285.59038401637,137116.1587014111,137299.94681838967,136876.07673016243
305,68400,83733.81694864538,88448.63836960295,87534.86964679963,86623.2029494843,88485.32084272227
1316,161000,141934.77246782908,140556.1050016976,141088.10104124446,141680.69317646712,140857.7014235826
1445,130250,133760.58434469544,130555.02625968088,130817.35415363844,130769.95633156729,130523.23871541314
1043,106000,96885.8887825634,96426.44622816533,96629.32143509964,96597.04259701232,96387.80475608246
1538,381000,274088.9826300053,270913.0530679004,268876.7524503473,270648.68486291857,284852.868069862
1462,300000,299127.6291103052,304275.3834441504,304196.68132811395,303181.3646750573,303256.66624436405
1512,100000,106835.94621398044,109066.84977902038,108952.34310982242,108105.690026532,108568.36067090044
2728,225000,232639.81505545965,210857.74215070496,209882.07138469597,209815.5053217192,209963.89700137303
406,97000,103676.87731211324,103399.94393592954,103532.27422419997,103756.1582339047,104146.2635601214
986,143000,172143.43868583374,168054.54125674826,167556.51281427804,167809.86842164048,166893.05922190176
1596,129500,130447.16357556648,131920.9308308131,132638.65061043805,132585.06445357957,132031.9757397093
1495,147000,148493.6227245504,150281.22023808284,149629.6639269752,150380.2781228119,150143.86591161723
2384,293000,271971.0548740697,269582.7676532591,269999.1632706251,269684.73229827406,268733.00942224445
2412,170440,168752.55476161282,168764.65787824764,169073.51832664557,168603.7611163668,168690.44706843217
318,174000,167477.64073277992,167846.65475472866,167698.83612892823,167764.98825701076,168027.40616897645
1463,255900,253835.39457856465,253318.1116256332,254227.5204792784,254373.17189352788,253934.95422507817
1452,127000,121742.35994045773,122881.56055990416,122900.66948041828,122642.96903241878,122878.15319195476
2781,205000,230880.9553707289,234511.01237475968,233317.48902267945,233066.96201017816,234028.4776229649
1828,300000,268052.1877777174,271977.3892024463,271456.27741782035,271514.9890140168,270940.1224314848
2111,175900,184738.36329313985,181162.7043160413,181036.0973299918,180601.9559221704,180671.73165327575
255,138500,135880.97571625243,132009.49381276447,131906.26101553775,131805.3763254573,131263.42887479797
2741,137000,131381.65739171565,133378.81660032735,133822.00566521633,133859.34191754583,133049.9194928027
1007,194500,211782.0341364799,206089.19496364653,205604.1754356348,205499.0506263236,206067.077570024
268,224900,181672.02680231756,195592.40440625252,197085.5360151084,197042.3710733284,195933.90306179447
2686,109000,101117.74359103032,99573.52197147196,99223.7885271904,99336.27319413357,99435.3448998008
442,324000,352366.0327074061,352091.58693024353,350663.2501405259,350747.05524619186,352573.75479150325
830,194500,195102.77388275703,193797.28252289575,193655.8266587298,193738.25576688588,193528.417518127
1004,181000,180706.8203623737,180901.08303119888,181020.7472929739,181032.5732361277,180798.71530263452
1763,248000,264875.76565111044,260681.4745858934,261756.6164323472,261546.82873136044,262344.72946482315
2094,238000,265579.8146508554,270108.1893093919,268634.64077780605,268177.6141897577,268611.34068257647
1300,115000,112179.96232497397,113153.11677755509,113050.60635551155,113167.9986412749,112896.92881289504
1039,181000,175601.99323793562,181714.47630309992,182827.1162516558,182646.55148474587,182095.8209189349
2857,112000,110685.53278909848,113331.41430485704,113441.85293424522,113529.11008396978,113627.75350992451
501,315000,324520.45813890244,325974.5989268638,328251.0815198721,329035.091908778,330339.8124187351
1821,132000,129475.134037802,129800.27865552108,129734.08890602714,129855.05305471244,129860.1207690666
2715,165000,166957.41616397412,165483.8692895081,165727.74311165963,165455.1531033658,165539.16084610953
2671,100000,91512.72359016971,90475.29042637542,89883.53025717134,90314.31463815823,89443.997518023
884,170000,170975.47042535065,169730.68424039808,169553.47489124577,169518.38989076242,169766.8406700619
565,235000,211626.95304693768,219433.79493429707,219517.5515118803,218283.2246179076,218278.04630093055
1630,168000,178735.65061190835,180640.06891904183,180390.3656873161,180184.7565089005,179748.01949281
2825,229000,268361.29737446096,268039.5237468278,269070.55422799423,267247.30543718085,266192.2465969317
1307,295000,266466.9889476394,251542.82941555255,250345.13575061844,251479.19961679532,264948.51463603723
492,181000,186285.34641148328,185483.1692606894,185545.89468103973,184773.5229717564,185400.52854852617
1853,312500,281730.3279680882,281880.05651908414,280175.1502959724,281179.706746301,281284.85210240894
2162,213500,207313.45910442196,203134.2799632356,203285.36767561227,203528.08581597888,203313.8988479628
1221,52000,95073.08732741376,81673.86886422077,80897.89212979544,81082.1666037731,79074.91955139046
2456,336820,292142.0753142521,291823.3499825759,291684.5134337772,291485.1532524495,291513.81037505297
929,193000,189964.456908219,194514.47933554417,194200.54251264583,193635.04515321847,193670.8141626464
1457,230500,243400.5356293661,238631.00922508683,239475.31147402257,238693.94393764748,238744.9046664341
2605,160000,156497.79049036658,151941.22661770845,154461.5547649787,152331.665927775,152117.69998884006
2399,378000,359597.96630800306,363344.4472247896,361137.4523423942,361305.4620294064,354430.1468670095
1672,120500,106464.94757479256,107889.45132392486,108685.2999410932,107792.3423004895,108232.4392686532
1545,126000,115497.48246976807,114458.08811809545,114179.68628223744,113999.02820968832,114293.80474370862
774,149900,142962.85180991585,143121.2888514452,142554.7912119959,142408.0044965154,141572.74614214827
2505,176400,157413.5162573729,161814.27387340114,162094.07121616643,162114.6750017743,162470.40412071184
2444,286000,258490.26326888695,260107.8859748461,259605.6826262349,259735.1630950902,259557.07708808023
527,241000,198501.14274576344,200698.9639145931,201017.70081980308,201708.9401914289,201995.32257283316
2353,172000,157164.84384154703,159636.1597627201,159892.66738027908,160242.25783792994,159435.58356317415
2482,151000,172755.0850845015,171500.6866839513,172075.7013411628,171400.22175199253,171984.01621035946
899,82000,74812.99463708163,79117.08102144196,79534.71061513304,78078.0405164469,76769.1068606162
2843,118500,160295.65976692786,131071.03423814596,129787.38975813636,130978.3824272566,133918.48792778168
943,85000,79683.78298827073,75436.88284558048,75914.24840813997,76095.31808746792,72714.33873334665
2308,169000,174064.00947263412,172650.39400484122,174608.94476717705,173183.58888489578,175125.19377065834
421,337500,344079.2362340177,341652.82419276447,340744.88603154395,342573.90129465616,342045.26742112444
2566,119000,132589.450981142,132090.7750893867,132301.1655732416,132106.2772897526,132041.0612316002
1746,259000,242492.59036063205,244651.5219502518,245099.9233936641,245081.12530800587,246040.64126119745
1756,175000,176896.5386936558,178045.25899778886,178185.52786367142,177961.66860831957,178041.53613585612
103,155000,169175.62503917175,171311.95607877758,171288.81700075447,171045.9345892357,171007.79787354966
1028,292500,274491.8027638767,267523.1015182801,265194.1962717413,265516.6589171482,270438.0644863588
1635,212000,203519.56403452132,197114.03907092407,197633.4873886789,197314.2555454432,197090.5152122297
1234,227000,218732.39577633308,217238.40475995524,218931.70891565044,217995.68477190472,219793.394304194
2115,207000,218074.6230064819,220787.78802456427,221857.66600881924,221434.31063641832,221069.981676638
2100,360000,308132.43062589486,302360.826553381,303284.1463621039,303219.3495230611,300784.1162572096
2769,148000,142254.26184322225,138367.69120042856,138654.15543810648,138878.12328403647,138961.6703891649
975,130000,125824.2226709121,124995.21879539528,124997.31956533068,125163.99270483611,125083.0532202848
164,166000,130235.3727821061,126618.50274194084,127206.33772056444,127439.23550342854,127427.2725647725
41,220000,229418.31566702283,231969.4369359199,231929.92288428955,232218.47855338,231875.0500954262
2333,556581,469433.51437803765,426003.78424232313,427640.5494038247,428067.5965026681,431147.8901329873
1398,144000,128881.17213221244,135242.33979378646,134574.15544668052,134605.70873740045,134489.93860830547
872,279500,291711.1043634288,292586.32849828346,294927.9159940254,293300.9032810464,292108.84454943624
1072,192000,202340.7358666337,205603.8329639144,205302.6088480307,205873.33062573863,205353.49789864683
2222,219500,173070.69020159804,171146.34813150496,170529.21447408854,170235.5338933028,170993.77413725507
1170,290000,243578.56237725588,242705.37567560168,240338.64579998257,243079.922168862,243351.97942873917
2067,112000,141488.2558433683,140816.25437703184,141466.66931344516,140339.26533668966,139635.12603407027
1906,165000,175683.32690727556,174724.52464780476,175327.09590989325,174597.9291800399,174132.86223329973
1636,377426,380692.6200037242,361602.44466979953,362851.4584032489,362443.2186916448,358613.2895139901
40,290941,236941.9379299073,236114.790448294,236161.21692986897,236187.7539912127,236959.4581413128
2928,132000,124438.11210427692,123357.63030885327,123388.97799568318,122384.14146242882,122429.55090040638
395,156000,141193.0516719675,141371.98013810234,141064.7972600611,141389.19885670763,141226.7952588187
738,93000,106628.28958741904,108868.37008244908,108804.40381244864,108800.41681251736,108605.28350141778
2920,90500,82397.02306506943,83983.18453786438,83909.67173146598,83821.91377594319,83826.45215417349
1079,154000,170085.94974355953,173952.74583909297,174714.90659418394,174370.95338184675,175027.96447356328
2693,72000,83710.71934132504,79862.8674446893,81137.25025275021,81140.344560611,81381.86342647934
2846,160000,129951.36417903122,128368.28862762064,126730.44511773404,127013.59264640536,128608.52293062794
313,169900,151937.0963119923,146953.84942426754,146789.48380661238,146590.11431325498,146471.2540610891
66,410000,354603.83664155204,358315.4428248148,360998.89344319305,360211.2404661484,366121.2748489291
1858,213750,193618.43318911927,183286.2140321383,182703.26664677224,183732.7744167712,183151.29225668733
600,141500,113998.6470962702,116037.53683658937,115921.67944420176,115461.07996522832,115225.71912081304
1394,140000,139441.8985977248,138310.34278148218,137830.35783588636,138369.80937805347,137727.09802911416
1812,191750,210118.9118359669,207272.4947814828,207225.09981802813,207055.17902063823,207225.35523548143
2325,165600,179091.56768654718,179334.17860359565,179298.61234359883,179299.2731863312,178875.5195191568
367,501837,433515.7363235113,438387.2590271909,441660.8214662872,439412.4321561219,441026.36292269937
2735,225000,176555.37752230902,173755.0204469322,174693.43205466395,174485.87329557302,173487.73162038432
1104,279500,256482.66924151976,254184.73699337264,255741.9717938052,255809.69443305183,254401.7836399492
2266,187500,200546.61473276603,203920.4784417743,204642.0724776145,204329.49000909703,204181.31580762172
2038,99500,110472.21843306262,112870.17205043978,112181.73845198816,111984.32011990364,112859.07374778372
2461,198600,194479.63243411505,193284.45499692776,193093.9933989793,192951.68256675452,193045.7646127804
476,200000,239109.08842523812,237033.02346189835,236793.33606088645,235931.40966271577,235887.51306421583
105,267916,254169.5721354023,256462.7536539017,256356.20531925137,256118.22635179185,256552.64090387663
666,78500,64688.48669075557,73309.61086178677,74139.5260306318,74093.98613978966,72318.42586603606
1752,165500,169778.80342801395,167960.91296088306,167976.42285735285,167751.7583632008,167945.45011165267
2246,375000,264599.96518028894,264737.34023613745,266822.60272553575,265987.33468566724,265999.39408825635
75,205000,230600.8458067625,228470.0670441972,228745.84765832784,229380.12444698293,229105.34175033524
540,159000,152758.6157243433,153068.93096150365,153966.157818907,153961.62722125108,154011.8670224277
1193,141000,137577.9508359932,140579.72772557428,140648.93647841015,140181.20320561988,140400.84432286338
214,93369,77498.81057372977,89011.66429537444,88700.8413603671,87678.91049176305,90212.5310183186
43,259000,249154.9520525032,287430.88088250405,290432.0912487404,288482.2042493618,294203.6623328763
411,148500,147840.5479947633,146936.5882458929,146496.53098654185,146917.05937582513,146745.06112149282
2743,149900,132814.21342216252,133805.15914103572,133001.58571519956,133260.67723726435,132784.3371296458
1284,143000,134741.51862938708,135247.30102501955,136366.93196644753,136722.0617149704,134643.50927437705
1680,122500,134541.06513649542,137562.64388181808,136448.04739042345,136862.50029978235,136381.12907648546
73,233000,229252.495866495,222735.09093110956,222956.94063453333,223190.93268018827,223760.2353012192
3,172000,153408.70790504295,154946.18036646652,155738.12999207564,155276.5671002309,155899.6134724958
1277,127500,122495.96743154402,122429.99433473824,122587.36777145125,122500.83265071486,122980.78468423036
1318,128000,135943.8433653892,130129.12734753764,129399.0722209869,129120.19564230352,129558.85966362148
1770,315750,303872.5951586063,300515.3291024992,301693.0153040032,300814.06192333536,300006.90584713
2776,214000,223024.12821237545,222194.91038527383,221823.17917919613,221612.83757869815,221462.8892232765
1715,250000,241864.3548982875,237307.5005189555,237317.5936242331,236773.40316307807,236985.13915447265
191,140750,141400.64392184088,138926.68040718004,138164.3479256446,138624.59408956923,138553.5127191655
2673,202500,155967.5793122016,160031.13800341863,160144.8416848489,159774.4060277443,158424.86338466426
2516,221000,219923.58431072277,223539.8178784202,223070.5681715429,223080.00699329455,223333.1222146729
397,143000,140511.57257099354,139247.0655937215,139776.8016130528,139615.8854231465,139793.19624644646
567,164500,161001.92492186528,161998.7821638675,161755.13705724909,162322.906536088,162243.45954785464
150,135000,126280.31751028723,126824.8781398201,126675.54062861676,126901.35023030276,127130.72225711629
2009,210000,152385.60239879726,155853.1859032314,155843.3493303116,156482.6192305965,155376.9200668551
1044,85400,95720.27398400802,95820.75840034596,95842.59674680435,95780.27438616108,95683.41063985995
2413,169985,172928.33444415408,173857.66880092042,173723.62903540765,173595.49742388338,173557.02471166197
1966,152000,144070.83591208296,141173.77218924323,140725.6862915045,141039.33311690862,141176.9832646336
908,60000,56817.41666447462,60427.30173628151,59697.58790060911,60824.19111872257,56177.57697864495
595,143000,140386.84644379624,138678.14849259908,138683.3801209684,138578.81711962604,138482.1264737548
141,136000,137774.32579576023,138447.6055467107,138071.03681596566,138175.0272352566,138099.2197431117
1201,185000,195567.7593133912,195755.64057313208,196157.1696757016,196039.3327759592,196294.6289689148
1872,158500,155031.15156521992,157678.9934946822,157082.68070354592,157764.28908185897,158165.00145995285
997,173000,182289.05524076484,182907.56767223837,182878.0783787124,182495.6474833846,182655.1419262416
2868,230000,196987.93070536395,193490.77881007537,196305.6414281459,195968.44205726628,196670.0521034688
2827,140000,151345.74105738412,150635.37292034354,149959.76476690482,150118.80318390336,149803.72289102856
1898,150750,141871.68889346338,143771.33376421366,144323.93889606607,144192.8528867697,143948.3225706679
2520,188000,155025.9270602252,162484.78826455778,161546.92259046494,162295.19692748363,162655.05268469456
1942,112500,120955.9887581138,120666.29651278364,120461.7440840428,119913.95727737054,120325.50434807935
1778,320000,337853.1829182835,327358.95900061406,328086.3928110704,326559.93505249376,326792.43373980565
2623,109900,91727.90374901144,93465.24427568546,93655.93257668414,93403.26225841627,93674.72386525189
1261,171000,164316.96269282652,166902.408280366,167076.10389042678,166671.2037484428,166072.87838015304
1849,174000,173268.52517372768,173676.70328075744,172775.8581658379,172969.69505543748,172192.6358491667
1503,118000,127028.53039824733,129333.10449919004,129032.4890427071,129776.25257401144,130086.5459221622
2040,109900,130256.93018903091,123325.84742634663,122221.65255830226,123125.21090414426,121480.59373769406
1319,122000,126915.10485162462,128410.51556105589,128425.2468524836,128102.52624901517,130351.12289052672
2053,165000,146429.77846939355,146647.96736555448,146825.62458441377,146763.47448136364,147392.31510903186
1146,179200,176239.6739294732,177020.9598088561,177057.9308362394,177682.87472989524,176877.39311832713
593,227000,199061.81989044213,197971.0663527651,197438.52085588948,198350.50987865697,197408.356062474
1546,120000,110277.11683898947,107984.30223779129,108028.22344000576,107980.75633694016,107596.04602459929
